{"cameraMode":{"drawMode":0,"name":"Shaded","section":"Shading Mode"},"sceneLighting":false,"audioPlay":false,"sceneViewState":{"showFog":true,"showMaterialUpdate":false,"showSkybox":true,"showFlares":true,"showImageEffects":true,"showParticleSystems":true},"in2DMode":false,"pivot":{"x":-961.5817260742188,"y":80.86426544189453,"z":243.68190002441407},"rotation":{"x":0.0423366017639637,"y":0.9510565400123596,"z":-0.15135842561721803,"w":0.26606330275535586},"size":0.816333532333374,"orthographic":false}