{"cameraMode":{"drawMode":0,"name":"Shaded","section":"Shading Mode"},"sceneLighting":false,"audioPlay":false,"sceneViewState":{"showFog":true,"showMaterialUpdate":false,"showSkybox":true,"showFlares":true,"showImageEffects":true,"showParticleSystems":true},"in2DMode":false,"pivot":{"x":1.4900000095367432,"y":1.4299999475479127,"z":1.0},"rotation":{"x":0.0423366017639637,"y":0.9510565400123596,"z":-0.15135842561721803,"w":0.26606330275535586},"size":0.35001808404922488,"orthographic":false}