{"cameraMode":{"drawMode":0,"name":"Shaded","section":"Shading Mode"},"sceneLighting":false,"audioPlay":false,"sceneViewState":{"showFog":true,"showMaterialUpdate":false,"showSkybox":true,"showFlares":true,"showImageEffects":true,"showParticleSystems":true},"in2DMode":false,"pivot":{"x":0.0,"y":0.03000020980834961,"z":23.600000381469728},"rotation":{"x":-0.02622702158987522,"y":0.44489365816116335,"z":-0.013030851259827614,"w":-0.8951045274734497},"size":44.74269485473633,"orthographic":false}