{"cameraMode":{"drawMode":0,"name":"Shaded","section":"Shading Mode"},"sceneLighting":false,"audioPlay":false,"sceneViewState":{"showFog":true,"showMaterialUpdate":false,"showSkybox":true,"showFlares":true,"showImageEffects":true,"showParticleSystems":true},"in2DMode":false,"pivot":{"x":20.571603775024415,"y":52.32552719116211,"z":15.395094871520996},"rotation":{"x":0.04010116681456566,"y":0.22671930491924287,"z":0.009341870434582234,"w":-0.9730893969535828},"size":3.515700340270996,"orthographic":false}