{"cameraMode":{"drawMode":0,"name":"Shaded","section":"Shading Mode"},"sceneLighting":false,"audioPlay":false,"sceneViewState":{"showFog":true,"showMaterialUpdate":false,"showSkybox":true,"showFlares":true,"showImageEffects":true,"showParticleSystems":true},"in2DMode":false,"pivot":{"x":-3.1288461685180666,"y":5.355379104614258,"z":5.943127632141113},"rotation":{"x":-0.059299927204847339,"y":-0.877972424030304,"z":0.11283057183027268,"w":-0.4614296555519104},"size":5.10961389541626,"orthographic":false}