{"cameraMode":{"drawMode":0,"name":"Shaded","section":"Shading Mode"},"sceneLighting":false,"audioPlay":false,"sceneViewState":{"showFog":true,"showMaterialUpdate":false,"showSkybox":true,"showFlares":true,"showImageEffects":true,"showParticleSystems":true},"in2DMode":false,"pivot":{"x":0.0,"y":3.1689999103546144,"z":1.3960000276565552},"rotation":{"x":-0.3808562755584717,"y":-0.49668949842453005,"z":0.25688713788986208,"w":-0.7363811135292053},"size":1.812497854232788,"orthographic":false}