{"cameraMode":{"drawMode":0,"name":"Shaded","section":"Shading Mode"},"sceneLighting":false,"audioPlay":false,"sceneViewState":{"showFog":true,"showMaterialUpdate":false,"showSkybox":true,"showFlares":true,"showImageEffects":true,"showParticleSystems":true},"in2DMode":false,"pivot":{"x":-2.635350465774536,"y":0.9398810863494873,"z":-0.04406934976577759},"rotation":{"x":-0.10756836086511612,"y":-0.7927698493003845,"z":0.14657913148403169,"w":-0.5817728638648987},"size":2.8578836917877199,"orthographic":false}