{"cameraMode":{"drawMode":0,"name":"Shaded","section":"Shading Mode"},"sceneLighting":false,"audioPlay":false,"sceneViewState":{"showFog":true,"showMaterialUpdate":false,"showSkybox":true,"showFlares":true,"showImageEffects":true,"showParticleSystems":true},"in2DMode":false,"pivot":{"x":-12.67635726928711,"y":13.230012893676758,"z":-29.937015533447267},"rotation":{"x":-0.1283012479543686,"y":0.051832571625709537,"z":-0.006715781986713409,"w":-0.9903570413589478},"size":7.713962554931641,"orthographic":false}