{"cameraMode":{"drawMode":0,"name":"Shaded","section":"Shading Mode"},"sceneLighting":false,"audioPlay":false,"sceneViewState":{"showFog":true,"showMaterialUpdate":false,"showSkybox":true,"showFlares":true,"showImageEffects":true,"showParticleSystems":true},"in2DMode":false,"pivot":{"x":0.10000000894069672,"y":2.0347342491149904,"z":0.46700000762939455},"rotation":{"x":-0.062165871262550357,"y":-0.2799997925758362,"z":0.018172375857830049,"w":-0.9578128457069397},"size":4.041658401489258,"orthographic":false}