{"cameraMode":{"drawMode":0,"name":"Shaded","section":"Shading Mode"},"sceneLighting":false,"audioPlay":false,"sceneViewState":{"showFog":true,"showMaterialUpdate":false,"showSkybox":true,"showFlares":true,"showImageEffects":true,"showParticleSystems":true},"in2DMode":false,"pivot":{"x":-4.840000152587891,"y":2.9149999618530275,"z":34.47600173950195},"rotation":{"x":-0.03581759333610535,"y":-0.45892858505249026,"z":0.018519524484872819,"w":-0.8875577449798584},"size":4.5126824378967289,"orthographic":false}