{"cameraMode":{"drawMode":0,"name":"Shaded","section":"Shading Mode"},"sceneLighting":false,"audioPlay":false,"sceneViewState":{"showFog":true,"showMaterialUpdate":false,"showSkybox":true,"showFlares":true,"showImageEffects":true,"showParticleSystems":true},"in2DMode":false,"pivot":{"x":-0.8358650207519531,"y":-50.21718978881836,"z":63.94237518310547},"rotation":{"x":0.24004627764225007,"y":0.05638302117586136,"z":-0.0139658497646451,"w":0.9690220355987549},"size":123.28030395507813,"orthographic":false}